{"total_energy":3.892065415025817,"power_avg":0.0043584159182819895,"duration":0.9922222222222222}