{"total_energy":4.330249735290213,"power_avg":0.004360775161420154,"duration":1.1033333333333333}