{"total_energy":4.345457360156917,"power_avg":0.00435853295903402,"duration":1.1077777777777778}