{"total_energy":4.291858079260196,"power_avg":0.004357216324122027,"duration":1.0944444444444446}