{"total_energy":4.473542753629167,"power_avg":0.0043644319547601635,"duration":1.1388888888888888}