{"total_energy":4.500981948577571,"power_avg":0.004365646894837605,"duration":1.1455555555555557}