{"total_energy":3.8893344801362435,"power_avg":0.004355357760510911,"duration":0.9922222222222222}