{"total_energy":4.376201525259556,"power_avg":0.004358766459421869,"duration":1.1155555555555556}