{"total_energy":4.367807468946246,"power_avg":0.0043590892903655155,"duration":1.1133333333333333}