{"total_energy":4.435500001945503,"power_avg":0.004361356934066374,"duration":1.13}