{"total_energy":4.500494443750383,"power_avg":0.004382175699854316,"duration":1.1411111111111112}