{"total_energy":4.402988440074392,"power_avg":0.00436371500502913,"duration":1.1211111111111112}