{"total_energy":4.475649359996063,"power_avg":0.004362231345025403,"duration":1.14}