{"total_energy":4.328270348114972,"power_avg":0.004358781820860999,"duration":1.1033333333333333}