{"total_energy":3.725163197036326,"power_avg":0.004351826164762063,"duration":0.9511111111111111}