{"total_energy":4.4443263624413865,"power_avg":0.004361458648126974,"duration":1.1322222222222222}