{"total_energy":4.287545417023773,"power_avg":0.004357261602666435,"duration":1.0933333333333333}