{"total_energy":4.31049308587764,"power_avg":0.004358435880563842,"duration":1.0988888888888888}