{"total_energy":4.558757637518786,"power_avg":0.004362447500017977,"duration":1.1611111111111112}