{"total_energy":3.8637446251381853,"power_avg":0.004355969137698067,"duration":0.9855555555555555}