{"total_energy":4.296311247122028,"power_avg":0.0043573136380547954,"duration":1.0955555555555556}