{"total_energy":4.418719730800521,"power_avg":0.00436201355459084,"duration":1.1255555555555556}