{"total_energy":3.831660883070635,"power_avg":0.004354160094398449,"duration":0.9777777777777777}