{"total_energy":4.376573754634337,"power_avg":0.004359137205811093,"duration":1.1155555555555556}