{"total_energy":4.3156069797823235,"power_avg":0.004359198969477095,"duration":1.1}