{"total_energy":4.31535060201116,"power_avg":0.004358940002031474,"duration":1.1}