{"total_energy":4.354781405816087,"power_avg":0.00435914054636245,"duration":1.11}