{"total_energy":4.296423963722665,"power_avg":0.004357427955093981,"duration":1.0955555555555556}