{"total_energy":3.8319110005415906,"power_avg":0.004354444318797262,"duration":0.9777777777777777}