{"total_energy":4.336801234590744,"power_avg":0.004358594205618837,"duration":1.1055555555555556}