{"total_energy":4.362833126236081,"power_avg":0.004358474651584497,"duration":1.1122222222222222}