{"total_energy":4.3411280517737065,"power_avg":0.1276802368168737,"duration":1.1333333333333333}