{"total_energy":4.328617714500432,"power_avg":0.004359131635952096,"duration":1.1033333333333333}