{"total_energy":4.331167701713785,"power_avg":0.004357311571140629,"duration":1.1044444444444443}