{"total_energy":4.3274662031104825,"power_avg":0.004357972007160607,"duration":1.1033333333333333}