{"total_energy":4.319315943306821,"power_avg":0.004358542828765712,"duration":1.1011111111111112}