{"total_energy":4.380863967068461,"power_avg":0.004359068623948717,"duration":1.1166666666666667}