{"total_energy":4.349146310548259,"power_avg":0.004357862034617494,"duration":1.1088888888888888}