{"total_energy":4.30183793055853,"power_avg":0.0043584984098870615,"duration":1.0966666666666667}