{"total_energy":4.2831626850022255,"power_avg":0.004357235691762182,"duration":1.0922222222222222}