{"total_energy":4.4218817097340795,"power_avg":0.004360830088495147,"duration":1.1266666666666667}