{"total_energy":3.845428505271283,"power_avg":0.004354958669616402,"duration":0.9811111111111112}