{"total_energy":4.363458616654613,"power_avg":0.004359099517137476,"duration":1.1122222222222222}