{"total_energy":4.3169309770329845,"power_avg":0.004360536340437358,"duration":1.1}