{"total_energy":3.8885387408071175,"power_avg":0.004354466675035966,"duration":0.9922222222222222}