{"total_energy":4.300635136780217,"power_avg":0.004357279773840139,"duration":1.0966666666666667}