{"total_energy":4.327615439316438,"power_avg":0.004358122295384127,"duration":1.1033333333333333}