{"total_energy":4.3358815316089085,"power_avg":0.0043576698810139786,"duration":1.1055555555555556}