{"total_energy":3.813214637983117,"power_avg":0.004352984746556069,"duration":0.9733333333333334}