{"total_energy":3.83192554684004,"power_avg":0.004354460848681864,"duration":0.9777777777777777}