{"total_energy":4.354704056178729,"power_avg":0.004359063119298027,"duration":1.11}