{"total_energy":4.385968273339276,"power_avg":0.004359809416838246,"duration":1.1177777777777778}